date,loaded,redeemed,outstanding
2024-01-01,63230.98098144662,0.0,63230.98098144662
2024-01-02,38668.411214682295,840.1221741102596,101059.27002201867
2024-01-03,49066.64384516389,1883.955025391544,148241.95884179103
2024-01-04,53499.817772283015,3019.1335981249163,198722.6430159491
2024-01-05,44702.154935211714,5289.587128144907,238135.21082301592
2024-01-06,45948.92054093417,7435.649696249931,276648.48166770017
2024-01-07,43428.33606860459,6683.330599965656,313393.48713633907
2024-01-08,44031.89319563289,8461.484021278236,348963.8963106937
2024-01-09,44283.82518454416,7705.501999115345,385542.2194961225
2024-01-10,41003.02053062234,8688.68718972662,417856.5528370182
2024-01-11,53800.962501274946,14110.658015852867,457546.8573224403
2024-01-12,62834.08871154701,18418.28890084768,501962.65713313967
2024-01-13,54860.425859263494,17884.312893536866,538938.7700988663
2024-01-14,49609.03728302554,12287.765696681001,576260.0416852109
2024-01-15,66171.78670792775,17158.66449882992,625273.1638943087
2024-01-16,40558.86086317944,20276.22746464883,645555.7972928394
2024-01-17,48112.38701994633,24840.516003341938,668827.6683094437
2024-01-18,43729.25502810739,24359.02672841092,688197.8966091402
2024-01-19,64452.83429106894,26919.37848290303,725731.3524173062
2024-01-20,54831.67241919467,29351.04828856159,751211.9765479392
2024-01-21,42954.480661241316,22946.329113837655,771220.1280953429
2024-01-22,43284.015734005014,24490.08655395501,790014.0572753929
2024-01-23,52775.296343890004,23582.108252286653,819207.2453669963
2024-01-24,45797.68791231652,35000.627883913876,830004.3053953989
2024-01-25,47237.42452621094,36956.69081542079,840285.039106189
2024-01-26,56361.00577575695,40922.59131726156,855723.4535646844
2024-01-27,59600.129812239466,37274.24557185178,878049.3378050721
2024-01-28,46511.672452893836,31186.770076288787,893374.2401816772
2024-01-29,50026.29791978371,33091.73592414773,910308.8021773131
2024-01-30,48645.50930455322,33174.72310917133,925779.588372695
2024-01-31,61147.60988600673,38726.26303681893,948200.9352218828
2024-02-01,64807.81104146475,39235.80797893967,973772.9382844078
2024-02-02,56039.457401342646,46747.42576609128,983064.9699196592
2024-02-03,51398.14469704882,51399.633565605065,983063.481051103
2024-02-04,48580.4284118556,34566.30913233639,997077.6003306222
2024-02-05,55253.20515463632,30058.21647046415,1022272.5890147943
2024-02-06,46181.909800876056,36813.76942904536,1031640.729386625
2024-02-07,43329.939813776415,36896.09334576584,1038074.5758546356
2024-02-08,46269.75210895177,36459.351955900594,1047884.9760076867
2024-02-09,65293.53694205911,56850.656002198666,1056327.856947547
2024-02-10,62784.0226462203,62953.4770919934,1056158.402501774
2024-02-11,48798.14461336559,41863.20826892013,1063093.3388462195
2024-02-12,45139.199572830876,40105.499940427246,1068127.0384786231
2024-02-13,48775.710033838215,45079.67519384443,1071823.073318617
2024-02-14,49240.754712045535,41909.082041743204,1079154.7459889194
2024-02-15,71720.19754023445,45244.93789096807,1105630.005638186
2024-02-16,67920.06368469873,46302.081634815266,1127247.9876880695
2024-02-17,59752.77776363243,59242.746092426394,1127758.0193592755
2024-02-18,50238.93801378532,39428.66667963485,1138568.290693426
2024-02-19,49921.83541998282,36739.77067244102,1151750.3554409677
2024-02-20,49736.09872569005,41917.86485793022,1159568.5893087275
2024-02-21,53040.79327112988,44359.30155634364,1168250.0810235138
2024-02-22,43994.943049836555,56643.884201282504,1155601.1398720678
2024-02-23,59610.13455473697,59649.52655197521,1155561.7478748297
2024-02-24,55661.05068175326,59690.63456500744,1151532.1639915756
2024-02-25,43419.50276710831,41783.05572270025,1153168.6110359835
2024-02-26,48496.64271232144,43407.7015839517,1158257.5521643532
2024-02-27,58177.50882504746,42406.221660453724,1174028.839328947
2024-02-28,44852.53013765844,41151.30517898704,1177730.0642876185
2024-02-29,59560.995819911834,47573.78746856915,1189717.2726389612
2024-03-01,69138.99781782784,51747.74288076756,1207108.5275760214
2024-03-02,57237.39990533478,53896.35808082328,1210449.5694005329
2024-03-03,48359.66128892517,43966.283528206295,1214842.9471612517
2024-03-04,54397.08600658181,46128.54025376628,1223111.492914067
2024-03-05,53559.51566518576,37224.20010808841,1239446.8084711644
2024-03-06,55351.706332962014,46541.572275211554,1248256.942528915
2024-03-07,51422.19229056506,54961.90167544313,1244717.2331440367
2024-03-08,59947.34911274427,63734.908093166305,1240929.6741636146
2024-03-09,66767.7030459858,69318.49526323426,1238378.8819463663
2024-03-10,46848.73159144025,42987.089282978406,1242240.5242548282
2024-03-11,43969.67672096606,41743.77100863479,1244466.4299671594
2024-03-12,43377.55542312203,40734.579099096896,1247109.4062911845
2024-03-13,45537.27949980384,49489.94020320767,1243156.7455877806
2024-03-14,57501.04949139831,52137.6253402447,1248520.1697389341
2024-03-15,87903.25164379146,65680.5623012305,1270742.859081495
2024-03-16,66093.86624629197,70787.81316660524,1266048.912161182
2024-03-17,45990.11722117104,42901.25672270713,1269137.7726596459
2024-03-18,52735.181413416714,40743.98070585754,1281128.9733672051
2024-03-19,54084.08870080775,44790.95736541533,1290422.1047025975
2024-03-20,49458.393249373694,49982.00259140899,1289898.495360562
2024-03-21,57754.31289319125,50468.112134670875,1297184.6961190824
2024-03-22,59662.43451964598,56002.165686142325,1300844.964952586
2024-03-23,58767.76714409307,66330.71239303435,1293282.0197036448
2024-03-24,46650.261634422415,41941.3284781406,1297990.9528599265
2024-03-25,45213.4120491216,43846.6135135437,1299357.7513955045
2024-03-26,53644.92863259329,48066.54909450115,1304936.1309335965
2024-03-27,48923.070893437696,47209.10561754001,1306650.0962094942
2024-03-28,55204.786499728514,52914.73446148685,1308940.1482477358
2024-03-29,68980.81922712043,61001.25205711946,1316919.7154177367
2024-03-30,65273.57172342241,57795.178860657215,1324398.1082805018
2024-03-31,53304.12153544325,42172.13256277115,1335530.0972531738
2024-04-01,70154.26866569751,54212.3257354035,1351472.0401834678
2024-04-02,48448.64115982167,42051.19203039678,1357869.4893128928
2024-04-03,51634.69055675522,40398.339670409776,1369105.8401992382
2024-04-04,45335.22032369634,43646.78100628461,1370794.27951665
2024-04-05,55109.909049138296,60529.161544693416,1365375.0270210947
2024-04-06,53141.20612397725,65781.86034318678,1352734.3728018852
2024-04-07,43947.62993061247,44045.73574658656,1352636.2669859112
2024-04-08,55518.191595125514,53106.393931294326,1355048.0646497423
2024-04-09,46007.09704927486,35960.969425605756,1365094.1922734114
2024-04-10,50116.88555916189,51425.49598821683,1363785.5818443564
2024-04-11,65253.05102128025,60651.1443291951,1368387.4885364415
2024-04-12,63171.60637964257,53379.420831811934,1378179.674084272
2024-04-13,68417.1571349136,62690.9992183244,1383905.8320008612
2024-04-14,44518.28794614616,41273.56937965556,1387150.5505673517
2024-04-15,70054.65044338911,43065.94354801558,1414139.2574627253
2024-04-16,45986.841429041844,45799.11860993333,1414326.9802818338
2024-04-17,50591.1473754329,57594.781909550155,1407323.3457477165
2024-04-18,62037.7477350193,63119.705489892745,1406241.387992843
2024-04-19,53822.18236013832,58523.69972570025,1401539.870627281
2024-04-20,66249.39772871291,79639.10860829291,1388150.1597477011
2024-04-21,51441.8416628493,45085.35046564381,1394506.6509449065
2024-04-22,49716.16224690425,56726.8142528192,1387495.9989389917
2024-04-23,43486.47904010399,47126.64450833948,1383855.8334707562
2024-04-24,53332.679070209444,50708.798091869474,1386479.7144490962
2024-04-25,52805.41366063285,54547.362383937914,1384737.7657257912
2024-04-26,68302.42830209619,82974.81452372471,1370065.3795041628
2024-04-27,63230.748625168926,71660.37869092118,1361635.7494384106
2024-04-28,60753.37066954289,41829.49164544182,1380559.6284625116
2024-04-29,52008.29264186786,52534.46872255325,1380033.4523818262
2024-04-30,45854.216168578336,46025.29042184403,1379862.3781285605
2024-05-01,73085.72703325454,47879.51111700887,1405068.5940448062
2024-05-02,57886.59642780761,58224.64218106328,1404730.5482915505
2024-05-03,78325.38074439824,61488.52014566614,1421567.4088902825
2024-05-04,69821.24559159706,69046.81041257465,1422341.8440693049
2024-05-05,52394.501522080594,46071.99221088047,1428664.353380505
2024-05-06,63873.31878560312,50541.74308073254,1441995.9290853755
2024-05-07,44998.373950063586,51225.59732019694,1435768.705715242
2024-05-08,49109.27657764521,42683.59035892689,1442194.3919339604
2024-05-09,50476.688635946855,58219.7768518715,1434451.3037180358
2024-05-10,63524.04004121812,56675.76312860324,1441299.5806306507
2024-05-11,53557.78711192518,58904.326534858366,1435953.0412077175
2024-05-12,54176.443088345084,45980.280455861895,1444149.2038402008
2024-05-13,52169.722051384735,49346.929116311076,1446971.9967752744
2024-05-14,43486.81623502813,45586.78796907208,1444872.0250412305
2024-05-15,63341.66193559632,55806.16388872769,1452407.5230880992
2024-05-16,58535.080527676764,47264.080237107286,1463678.5233786686
2024-05-17,73544.36943275879,59682.272868209184,1477540.6199432183
2024-05-18,80198.44376747339,64009.69037363496,1493729.3733370567
2024-05-19,71125.05870595804,46306.93512704857,1518547.4969159663
2024-05-20,56230.66007886181,51038.292246661236,1523739.8647481669
2024-05-21,45997.658651166894,45051.39873197676,1524686.124667357
2024-05-22,40962.632983944466,56537.19785333124,1509111.55979797
2024-05-23,58098.8244844937,55507.902665847825,1511702.481616616
2024-05-24,60195.332897510256,52451.80519582957,1519446.0093182968
2024-05-25,59901.82314996152,56646.3270521644,1522701.5054160939
2024-05-26,46469.59336712521,46825.69099504383,1522345.4077881752
2024-05-27,52464.2900373684,48427.220685440996,1526382.4771401025
2024-05-28,58695.86406770429,48884.06167667084,1536194.279531136
2024-05-29,53747.17429381035,51945.080814129105,1537996.3730108172
2024-05-30,55022.775332244906,55990.26040620811,1537028.887936854
2024-05-31,58408.27177552293,69105.21611310143,1526331.9435992755
2024-06-01,69276.56132180792,61102.581022865015,1534505.9238982184
2024-06-02,46999.365648306586,41410.68112857874,1540094.6084179464
2024-06-03,52806.97112117986,44114.45334425519,1548787.126194871
2024-06-04,63592.91697854307,50567.022109096935,1561813.021064317
2024-06-05,53346.46495108127,58784.52724661953,1556374.9587687787
2024-06-06,62820.00238258476,52284.042969416085,1566910.9181819474
2024-06-07,62005.00660431609,48940.7869724516,1579975.137813812
2024-06-08,54163.10450353565,57713.222032221754,1576425.0202851258
2024-06-09,44156.59191969808,42816.72494617414,1577764.8872586498
2024-06-10,48471.33424348527,46448.52483011212,1579787.696672023
2024-06-11,66056.36189652624,46977.81090614419,1598866.247662405
2024-06-12,47332.17251195086,51887.970029808755,1594310.450144547
2024-06-13,61398.61830746377,52590.75690482513,1603118.3115471858
2024-06-14,58735.642711203305,69292.92552902877,1592561.0287293603
2024-06-15,93709.46134535216,63391.112296534615,1622879.3777781778
2024-06-16,51609.71057367345,42728.7472151454,1631760.3411367058
2024-06-17,51573.66958494677,51869.55781818507,1631464.4529034675
2024-06-18,50595.31377414984,42430.07933621022,1639629.6873414072
2024-06-19,47975.61162976358,54248.7637682259,1633356.535202945
2024-06-20,58187.00171654564,55349.29377196486,1636194.2431475257
2024-06-21,61560.51086236853,62037.06600042247,1635717.6880094719
2024-06-22,53213.4712110472,80268.34440359389,1608662.8148169252
2024-06-23,41976.14613117717,43717.98117530125,1606920.979772801
2024-06-24,53267.07865197061,60263.913508713515,1599924.144916058
2024-06-25,61001.924476823646,47808.09104985693,1613117.9783430248
2024-06-26,52509.61423192888,45397.851457126584,1620229.7411178271
2024-06-27,53962.793920347955,54570.85096863993,1619621.6840695352
2024-06-28,66765.47598466472,55856.3009168599,1630530.85913734
2024-06-29,71539.18445981907,62817.04503465079,1639252.9985625083
2024-06-30,49838.8855330183,48124.11130246997,1640967.7727930567
2024-07-01,66506.1144106458,51766.73807801289,1655707.1491256896
2024-07-02,57164.959543898105,46154.889496015596,1666717.2191735723
2024-07-03,53780.00877564427,57312.73885535892,1663184.4890938576
2024-07-04,65258.74354665962,61374.16240899096,1667069.0702315262
2024-07-05,65385.442264288424,72765.02232251047,1659689.4901733042
2024-07-06,52347.41016902366,72486.27599693628,1639550.6243453915
2024-07-07,40833.21175756649,53605.13927440401,1626778.696828554
2024-07-08,62534.06018341423,40883.28472324706,1648429.472288721
2024-07-09,61009.07468477088,47807.439526243885,1661631.107447248
2024-07-10,49541.19027450082,47807.441784980154,1663364.8559367687
2024-07-11,51361.28563419285,55441.99144542002,1659284.1501255415
2024-07-12,75519.24530895965,59370.56894783686,1675432.8264866644
2024-07-13,52594.08124931898,67460.82785643652,1660566.0798795468
2024-07-14,42812.42479884337,56305.5955996056,1647072.9090787845
2024-07-15,74094.24056256334,48386.236048524246,1672780.9135928235
2024-07-16,46860.73910165681,51456.131721311634,1668185.5209731688
2024-07-17,50099.009428009726,50826.414002499434,1667458.116398679
2024-07-18,52218.930449683576,55040.740952262655,1664636.3058961001
2024-07-19,65342.27019849971,62703.38377319152,1667275.1923214083
2024-07-20,70413.90980240259,71303.49556262641,1666385.6065611844
2024-07-21,47705.2143021945,52278.698467514296,1661812.1223958647
2024-07-22,54337.55615026398,58025.451338175495,1658124.227207953
2024-07-23,38029.3534130894,50716.497168948925,1645437.0834520936
2024-07-24,49331.16940143777,54753.0612707254,1640015.191582806
2024-07-25,47636.56120370551,48214.03456924153,1639437.71821727
2024-07-26,53653.63924112852,61360.133626596566,1631731.223831802
2024-07-27,52970.82663323682,73653.93550788634,1611048.1149571524
2024-07-28,44864.889408513125,49551.9625514498,1606361.0418142157
2024-07-29,55555.782056468204,48887.11297020639,1613029.7109004776
2024-07-30,41046.59971866556,52143.198539595716,1601933.1120795475
2024-07-31,49280.94296878056,52576.46697645635,1598637.5880718718
2024-08-01,66434.62450054483,59112.02210278692,1605960.1904696296
2024-08-02,59079.38246523369,62059.45475925025,1602980.118175613
2024-08-03,65681.66915326491,63249.028358957534,1605412.7589699205
2024-08-04,49287.49524040483,46206.96196227409,1608493.2922480511
2024-08-05,57817.625138751835,35263.99205997921,1631046.9253268237
2024-08-06,46742.08455434205,49145.53198639467,1628643.4778947711
2024-08-07,44685.38382496597,34590.62643952877,1638738.2352802083
2024-08-08,50231.38018750434,43974.784826329014,1644994.8306413835
2024-08-09,62588.76719952819,62665.24629772738,1644918.3515431844
2024-08-10,58848.08695838564,68320.22362480688,1635446.214876763
2024-08-11,40135.183066839454,39464.10525143109,1636117.2926921714
2024-08-12,49252.16946462263,43539.55956851222,1641829.9025882818
2024-08-13,48417.959812229405,53452.659973253,1636795.2024272582
2024-08-14,65011.68292738451,46710.274381059025,1655096.6109735838
2024-08-15,86328.16200951632,64655.181779981736,1676769.5912031184
2024-08-16,54295.64609821219,59938.855582854456,1671126.381718476
2024-08-17,55072.76792725821,68120.60542841337,1658078.5442173209
2024-08-18,37946.043263714404,52405.01713308522,1643619.57034795
2024-08-19,44909.05472179208,47686.154090769676,1640842.4709789725
2024-08-20,48415.53125175934,42432.34159349567,1646825.6606372362
2024-08-21,54963.862898754865,48815.370148593065,1652974.153387398
2024-08-22,46288.13942250483,51688.20896550879,1647574.083844394
2024-08-23,55032.715202145926,51868.444275566086,1650738.3547709738
2024-08-24,43602.25511741153,62894.99571476399,1631445.6141736214
2024-08-25,43901.75731200576,40570.17586402873,1634777.1956215985
2024-08-26,42004.97635367067,50493.91329741221,1626288.258677857
2024-08-27,43303.358632998985,45914.38353429578,1623677.2337765603
2024-08-28,42378.03444802151,46654.831788954594,1619400.4364356273
2024-08-29,49452.526112562045,49644.71294850972,1619208.2495996796
2024-08-30,47728.05775128675,58706.93645445253,1608229.3708965138
2024-08-31,46844.609079341724,66055.77933862117,1589018.2006372344
2024-09-01,77266.95891555228,38031.32379869154,1628253.835754095
2024-09-02,40489.75098772574,40277.209997496815,1628466.376744324
2024-09-03,40064.79403513819,49789.78538708128,1618741.385392381
2024-09-04,58132.43120762319,44948.36210920343,1631925.4544908009
2024-09-05,70208.42385766613,42772.97825245263,1659360.9000960144
2024-09-06,50728.76488050694,59522.245720739396,1650567.419255782
2024-09-07,52954.23606374045,64906.01260516461,1638615.6427143577
2024-09-08,45763.251398768436,36198.600039426405,1648180.2940736997
2024-09-09,57623.78737616525,45653.738441794914,1660150.34300807
2024-09-10,40235.70421106731,48092.970856612614,1652293.0763625246
2024-09-11,44882.27143541509,48823.15286542444,1648352.1949325153
2024-09-12,53916.85923622099,52569.59378411808,1649699.4603846183
2024-09-13,60988.13608872835,49273.17305172311,1661414.4234216234
2024-09-14,52459.05184050348,63833.60096518173,1650039.874296945
2024-09-15,57871.50240077072,40774.47039821016,1667136.9062995056
2024-09-16,39382.557309858836,42498.132470913355,1664021.3311384511
2024-09-17,43665.276206196475,48530.09556623846,1659156.5117784091
2024-09-18,44416.32853196093,54267.239239633745,1649305.6010707363
2024-09-19,50112.21996724192,58737.30617449672,1640680.5148634815
2024-09-20,53745.37359031964,64235.39329258716,1630190.495161214
2024-09-21,57644.599372278215,60502.47374275902,1627332.620790733
2024-09-22,48832.66883665706,43136.49858910289,1633028.791038287
2024-09-23,46984.30741439178,47578.17945195148,1632434.9190007274
2024-09-24,46542.07750289736,44534.72267319581,1634442.273830429
2024-09-25,45838.6537426117,46953.64076394114,1633327.2868090996
2024-09-26,48412.423272760774,52828.99725677651,1628910.7128250839
2024-09-27,52343.151780734945,55494.785925970085,1625759.0786798487
2024-09-28,56225.74624574479,56359.4624648814,1625625.362460712
2024-09-29,42481.04233671032,39582.90817856714,1628523.496618855
2024-09-30,58931.6890395564,46429.464648209054,1641025.7210102023
2024-10-01,72332.28111779911,43651.840018189854,1669706.1621098116
2024-10-02,47439.31553625726,47982.494253058794,1669162.98339301
2024-10-03,43937.410501989936,52296.75784993926,1660803.6360450606
2024-10-04,49684.54438495866,54139.09230132077,1656349.0881286985
2024-10-05,62134.342277698444,65880.76479910524,1652602.6656072917
2024-10-06,44142.4501587844,43286.33026027719,1653458.7855057989
2024-10-07,48335.751394026214,38979.28420892873,1662815.2526908964
2024-10-08,35822.157672242574,50910.11172477899,1647727.2986383599
2024-10-09,50410.33893106219,44038.08684677058,1654099.5507226514
2024-10-10,50643.95319217407,41211.973871300484,1663531.530043525
2024-10-11,49505.93410218954,50300.28344821503,1662737.1806974995
2024-10-12,50711.17006384874,54726.81108385183,1658721.5396774965
2024-10-13,43996.67277970156,41390.889417873535,1661327.3230393245
2024-10-14,45770.35206788571,42303.8677081367,1664793.8073990736
2024-10-15,57395.12320733171,41918.06320801815,1680270.8673983873
2024-10-16,44420.32744619545,48712.33205759022,1675978.8627869925
2024-10-17,46408.35936962411,49755.83533682285,1672631.3868197936
2024-10-18,57471.899486426475,56953.96335698373,1673149.3229492363
2024-10-19,63890.518409197546,62547.96212971722,1674491.8792287165
2024-10-20,31266.63032236953,43600.209369328906,1662158.3001817572
2024-10-21,44133.62512719519,35010.89344250701,1671281.0318664454
2024-10-22,44908.29122111719,41544.88713700824,1674644.4359505544
2024-10-23,46543.34458307729,36451.78384071467,1684735.996692917
2024-10-24,45698.268962416216,47751.20830680722,1682683.057348526
2024-10-25,45667.210570861615,54523.84082304965,1673826.427096338
2024-10-26,55666.36106721421,65623.53088017476,1663869.2572833775
2024-10-27,52325.5066831355,45262.628277421165,1670932.1356890919
2024-10-28,37767.90516540748,43441.68145064672,1665258.3594038526
2024-10-29,48774.49178453207,40337.63438332766,1673695.216805057
2024-10-30,43197.277831590625,46898.11004525054,1669994.384591397
2024-10-31,47460.416259664,44467.34352925455,1672987.4573218063
2024-11-01,67137.18258206573,53777.873548068535,1686346.7663558035
2024-11-02,51465.18045779065,64790.08488653367,1673021.8619270604
2024-11-03,49772.39859383466,37829.21434588899,1684965.046175006
2024-11-04,48760.70140503512,45961.89757794311,1687763.8500020981
2024-11-05,54224.789674361426,45404.73952135626,1696583.9001551033
2024-11-06,51854.00287186964,40792.71784283263,1707645.1851841402
2024-11-07,50507.246992073546,52168.180661537655,1705984.251514676
2024-11-08,69731.61835643218,58445.98956870489,1717269.8803024034
2024-11-09,56619.21376630905,60279.34187110082,1713609.7521976116
2024-11-10,47165.88550927695,37800.45895737689,1722975.1787495117
2024-11-11,44013.74865076733,39730.751915598885,1727258.17548468
2024-11-12,44547.568240840155,41033.21974038488,1730772.5239851354
2024-11-13,41553.80681533356,48207.19885218866,1724119.1319482804
2024-11-14,54159.800167180576,43567.3770858591,1734711.5550296018
2024-11-15,66558.18340081873,57605.57802300325,1743664.1604074172
2024-11-16,59249.72053767243,53197.83392284669,1749716.047022243
2024-11-17,41924.3169751183,40322.96472423167,1751317.3992731296
2024-11-18,52735.71460049684,44054.51732417225,1759998.5965494541
2024-11-19,48596.358781544724,55723.153297698664,1752871.8020333003
2024-11-20,56500.41450480559,40147.341953437164,1769224.8745846688
2024-11-21,52782.990789830124,56319.974651695935,1765687.890722803
2024-11-22,47287.4941823021,56848.81000915423,1756126.574895951
2024-11-23,53816.524156805914,63433.2420634054,1746509.8569893516
2024-11-24,37489.13157163969,41945.0338818102,1742053.954679181
2024-11-25,43324.035153382276,45735.611484284964,1739642.3783482783
2024-11-26,53579.034645857646,42933.72194590719,1750287.6910482289
2024-11-27,49345.515964279555,53183.16714990598,1746450.0398626025
2024-11-28,44763.858239613946,46194.55782711367,1745019.3402751028
2024-11-29,50918.357653146195,62117.14948017173,1733820.5484480772
2024-11-30,54856.8876484772,56464.77942497148,1732212.656671583
2024-12-01,50713.19274817793,40726.77902165211,1742199.0703981088
2024-12-02,42859.89872333251,38974.69482427943,1746084.274297162
2024-12-03,46759.48153468133,45297.95610562421,1747545.7997262191
2024-12-04,52928.211458399164,52679.36578662277,1747794.6453979956
2024-12-05,52797.748397335825,47604.56222878809,1752987.8315665433
2024-12-06,44046.45935299108,54111.78234053148,1742922.508579003
2024-12-07,57158.66856443565,53556.1704925394,1746525.006650899
2024-12-08,44230.130916348826,39840.74840812622,1750914.3891591218
2024-12-09,49255.02603361848,36751.93046666368,1763417.4847260765
2024-12-10,55178.147676794186,39304.07635877892,1779291.5560440917
2024-12-11,36304.01453282926,46544.93201382438,1769050.6385630965
2024-12-12,46148.83237663463,54434.502671515285,1760764.968268216
2024-12-13,62844.37519478188,72457.15960075975,1751152.183862238
2024-12-14,46027.163427151274,56217.44267049229,1740961.904618897
2024-12-15,71368.50619197325,46764.84965680765,1765565.5611540626
2024-12-16,49480.57711334276,44236.196983032394,1770809.941284373
2024-12-17,50825.512722344676,42627.31170229088,1779008.1423044268
2024-12-18,43874.82527927436,47790.84490731984,1775092.1226763814
2024-12-19,55198.73115192622,48445.21699740773,1781845.6368308999
2024-12-20,67262.13579514339,56076.99155411295,1793030.7810719302
2024-12-21,57843.276966443744,58219.81221449198,1792654.245823882
2024-12-22,46047.44907015029,36038.029576897265,1802663.6653171352
2024-12-23,49444.87944044439,37661.4465875732,1814447.0981700064
2024-12-24,41861.94735724536,46964.2116634117,1809344.83386384
2024-12-25,46686.158516204116,45093.477155797744,1810937.5152242463
2024-12-26,49719.95112503598,45901.47635760861,1814755.9899916737
2024-12-27,62672.872769588845,56021.469538300466,1821407.393222962
2024-12-28,64163.0622013373,66075.80489105915,1819494.6505332403
2024-12-29,39896.53999062136,42470.52573028959,1816920.6647935722
2024-12-30,47717.349869931946,41322.931860227916,1823315.0828032761
2024-12-31,56133.77569336429,49845.252314706784,1829603.6061819335
2025-01-01,59389.14205319284,54579.993253354754,1834412.7549817716
2025-01-02,46442.89248273138,51706.06439768844,1829149.5830668146
2025-01-03,62083.30830798661,62382.84539592321,1828850.045978878
2025-01-04,63761.19757927806,69905.91207555031,1822705.3314826058
2025-01-05,45931.07900799462,47260.41765855524,1821375.992832045
2025-01-06,57530.29841736512,47574.07142782286,1831332.2198215874
2025-01-07,52741.27125316497,47639.182632071126,1836434.3084426813
2025-01-08,53890.365230206226,49989.18960591472,1840335.4840669727
2025-01-09,55487.37240985577,44850.1947116699,1850972.6617651586
2025-01-10,81154.54052347489,61878.507653297725,1870248.6946353358
2025-01-11,56945.81944044234,55297.11793494943,1871897.3961408287
2025-01-12,36536.441128110884,40004.92635634582,1868428.9109125938
2025-01-13,60241.77549868828,52194.92459426065,1876475.7618170215
2025-01-14,45637.57907652694,49974.505260716294,1872138.8356328323
2025-01-15,67498.51002609485,56249.869786313575,1883387.4758726135
2025-01-16,61557.72540230757,49882.99004283478,1895062.2112320862
2025-01-17,51314.6129374551,52765.86187384243,1893610.962295699
2025-01-18,50895.27803531025,62948.40685342114,1881557.8334775881
2025-01-19,38855.98640279627,44331.21664534691,1876082.6032350375
2025-01-20,45781.16089513391,46675.0896470595,1875188.6744831118
2025-01-21,51508.78517051531,51697.04546153795,1875000.414192089
2025-01-22,53267.25320983423,46892.43784498256,1881375.2295569407
2025-01-23,55111.90582216671,52940.494128318074,1883546.6412507894
2025-01-24,53202.97702024996,53221.00237957009,1883528.6158914692
2025-01-25,45429.752543860726,66768.32010213874,1862190.048333191
2025-01-26,48036.36752310068,43301.71012581004,1866924.7057304818
2025-01-27,48230.00365569398,42406.60365696756,1872748.105729208
2025-01-28,52328.91138204172,44512.66099234599,1880564.3561189037
2025-01-29,55151.178038842576,47140.41287309557,1888575.1212846506
2025-01-30,54938.83188535821,49164.84943606169,1894349.1037339473
2025-01-31,69984.32985037995,69338.16352221901,1894995.2700621083
2025-02-01,84300.32543557929,62806.75892923396,1916488.8365684536
2025-02-02,51543.35521505414,42549.589370000474,1925482.6024135072
2025-02-03,47531.52550242852,37595.50763075614,1935418.6202851795
2025-02-04,49117.00801376359,42462.95037343667,1942072.6779255064
2025-02-05,52602.61483832395,47756.05267421711,1946919.2400896132
2025-02-06,60423.22012474544,48207.99704784469,1959134.463166514
2025-02-07,61747.36014369942,68335.82146307405,1952546.0018471393
2025-02-08,65531.006099940336,63854.78924306787,1954222.2187040118
2025-02-09,47469.238354630696,50469.271073054726,1951222.1859855878
2025-02-10,51674.893032143846,47305.46995792476,1955591.609059807
2025-02-11,56169.671697457205,47207.429544591054,1964553.8512126731
2025-02-12,40977.000431909706,49259.95739706078,1956270.894247522
2025-02-13,47479.8391764916,52175.114322629444,1951575.6191013842
2025-02-14,54891.18883252964,71015.60755006757,1935451.2003838462
2025-02-15,63618.78961300678,51478.99175226487,1947590.998244588
2025-02-16,45758.72486692871,36200.50849929892,1957149.2146122179
2025-02-17,58074.95663045856,44262.19018471276,1970961.9810579636
2025-02-18,49764.634479022505,46816.978396017184,1973909.6371409688
2025-02-19,53973.682938893566,52802.84538574925,1975080.4746941132
2025-02-20,64013.63558275123,54353.456752490754,1984740.6535243737
2025-02-21,77864.27040383771,57506.07830741942,2005098.845620792
2025-02-22,62607.81354295746,72464.86340482855,1995241.7957589207
2025-02-23,59114.05601892168,49607.71411411855,2004748.137663724
2025-02-24,54327.7302539898,48477.94421889506,2010597.9236988185
2025-02-25,47138.50033219165,52540.63941584948,2005195.7846151607
2025-02-26,49671.345450484456,51750.14501040863,2003116.9850552364
2025-02-27,47590.095773439156,50067.80425524691,2000639.2765734287
2025-02-28,60392.78497221543,65162.789585392995,1995869.271960251
2025-03-01,82601.61456214871,66831.90733109285,2011638.979191307
2025-03-02,55983.95473536728,45299.37260731575,2022323.5613193584
2025-03-03,66817.32246015093,55758.207137820886,2033382.6766416884
2025-03-04,44660.87452015824,37863.29037107376,2040180.260790773
2025-03-05,56552.31314926833,44312.33206896491,2052420.2418710764
2025-03-06,50733.206353005524,47781.658551905486,2055371.7896721764
2025-03-07,71912.50082197893,59631.03354961848,2067653.2569445367
2025-03-08,63565.98294765477,65813.66118460361,2065405.578707588
2025-03-09,41253.15350925766,39640.58718633534,2067018.1450305101
2025-03-10,61408.22189513178,44139.264254369664,2084287.1026712724
2025-03-11,49546.52468512921,44747.17242748085,2089086.4549289206
2025-03-12,51130.62421548545,65738.60406436579,2074478.4750800403
2025-03-13,51078.84935742008,64694.723837541525,2060862.6005999187
2025-03-14,63442.57721301329,59496.10186096477,2064809.0759519672
2025-03-15,92692.61268590303,65038.04052098797,2092463.6481168822
2025-03-16,50735.154542664546,41292.24198644266,2101906.560673104
2025-03-17,57704.85170406648,40628.90898162132,2118982.5033955495
2025-03-18,56179.737381186664,48712.99524023002,2126449.245536506
2025-03-19,64483.02404834924,47151.812955467125,2143780.4566293885
2025-03-20,56257.148450321954,54550.304776047466,2145487.300303663
2025-03-21,58009.49726473489,53992.497261230346,2149504.3003071677
2025-03-22,74808.87253764083,63905.99293420732,2160407.179910601
2025-03-23,50321.50137937216,47866.51757978072,2162862.163710193
2025-03-24,63968.06572905469,51836.80033397614,2174993.429105271
2025-03-25,56809.78376995574,52246.26715863218,2179556.945716595
2025-03-26,54631.40511201675,46410.83228732149,2187777.51854129
2025-03-27,61632.341717882475,60734.77593897463,2188675.084320198
2025-03-28,88239.89468074459,59275.26001117988,2217639.7189897625
2025-03-29,85119.46167981841,75005.80965401766,2227753.371015563
2025-03-30,53214.11737234286,48344.35858338607,2232623.12980452
2025-03-31,57482.4669240109,44836.121185555145,2245269.4755429756
2025-04-01,83966.40316209073,49992.952920938056,2279242.9257841283
2025-04-02,50509.455414965305,56978.14055194541,2272774.2406471483
2025-04-03,61956.322187336504,61606.81638595147,2273123.7464485336
2025-04-04,70090.93484883457,65878.48559861624,2277336.195698752
2025-04-05,69357.67912927784,85021.0057828101,2261672.86904522
2025-04-06,48067.81691785021,55124.40821127105,2254616.277751799
2025-04-07,46897.11895159714,51418.36307253893,2250095.0336308572
2025-04-08,42891.75121551376,56709.74035918752,2236277.0444871834
2025-04-09,49188.20394122523,67028.66736102462,2218436.581067384
2025-04-10,56675.67041980246,70379.64328733334,2204732.6081998535
2025-04-11,68269.46836778717,58623.79004002399,2214378.2865276164
2025-04-12,84745.02533550272,65655.2650331432,2233468.046829976
2025-04-13,60991.20100260505,57130.43817638055,2237328.8096562005
2025-04-14,50829.03017788856,47006.134167701726,2241151.7056663875
2025-04-15,77812.45396254903,45727.58275825605,2273236.5768706803
2025-04-16,53825.3303445687,52702.137039269815,2274359.770175979
2025-04-17,58144.68961647783,60744.69367715866,2271759.766115298
2025-04-18,72629.75219960528,66290.79407939862,2278098.724235505
2025-04-19,72659.69760956895,68427.02169616429,2282331.4001489095
2025-04-20,51491.814133583954,46623.936241378804,2287199.2780411146
2025-04-21,65073.672773896134,49170.603643238115,2303102.3471717727
2025-04-22,48385.19320826772,48430.96175116341,2303056.578628877
2025-04-23,56765.20336558018,69967.85588759987,2289853.9261068576
2025-04-24,82447.56868092403,60290.076129243396,2312011.4186585383
2025-04-25,73193.19301683625,73875.024385201,2311329.5872901734
2025-04-26,80357.28357287591,70305.35335369386,2321381.517509355
2025-04-27,54376.92878683158,49627.53033284949,2326130.9159633373
2025-04-28,61570.78458775833,49935.37368276641,2337766.326868329
2025-04-29,55249.60560019783,41206.82819364302,2351809.104274884
2025-04-30,55699.703988554706,49388.259130573395,2358120.5491328654
2025-05-01,74372.12987072305,49725.798523968435,2382766.88047962
2025-05-02,75177.62573330745,54876.871133233384,2403067.635079694
2025-05-03,61191.5328793179,66568.90842537262,2397690.259533639
2025-05-04,58342.78133990249,58349.057764208526,2397683.983109333
2025-05-05,65499.86443033904,53893.84153540557,2409290.0060042664
2025-05-06,58194.44394008034,61672.18808833262,2405812.2618560144
2025-05-07,54982.57916825737,59600.23051830953,2401194.6105059623
2025-05-08,63927.177385653835,64999.91851505162,2400121.8693765644
2025-05-09,68837.08571252826,63148.85199980895,2405810.1030892837
2025-05-10,75855.99803697185,79251.46679003978,2402414.634336216
2025-05-11,43245.21704800952,55208.16376980028,2390451.687614425
2025-05-12,55232.0319157318,51142.4803931902,2394541.239136967
2025-05-13,43847.76066118402,57140.60383589074,2381248.39596226
2025-05-14,47540.733109033565,59998.94021530679,2368790.188855987
2025-05-15,96204.6839426913,56122.131552267914,2408872.7412464106
2025-05-16,79476.43869905722,61244.39704843079,2427104.782897037
2025-05-17,62134.58041736697,66512.71408434706,2422726.649230057
2025-05-18,44935.97975409441,51470.60099139297,2416192.0279927584
2025-05-19,40236.37896885971,55666.28491660794,2400762.1220450103
2025-05-20,52087.05331249586,49460.630671668245,2403388.544685838
2025-05-21,75927.2114871718,56366.53426889988,2422949.2219041097
2025-05-22,63627.40416913579,62682.90368555731,2423893.7223876882
2025-05-23,66610.058532434,72414.64549102799,2418089.135429094
2025-05-24,71466.88679711091,86481.37997349276,2403074.642252712
2025-05-25,44515.06604717998,57355.75396270146,2390233.9543371904
2025-05-26,55271.625504013056,48197.11431052013,2397308.4655306833
2025-05-27,56110.19459695187,62864.549974088186,2390554.110153547
2025-05-28,56039.64271538455,53023.13129944443,2393570.6215694873
2025-05-29,66197.56318666314,65143.65569750179,2394624.5290586487
2025-05-30,74000.6681505192,67904.41467646524,2400720.7825327027
2025-05-31,72978.20349738175,70516.44831960315,2403182.5377104813
2025-06-01,66486.93348077983,41854.371987432205,2427815.0992038287
2025-06-02,63552.477125003425,52341.00503407516,2439026.571294757
2025-06-03,67146.06123192227,45650.98511974055,2460521.647406939
2025-06-04,50190.22233012635,62201.1996977837,2448510.6700392817
2025-06-05,53887.60844707329,69076.52666683,2433321.751819525
2025-06-06,82973.35665013586,62896.36601654154,2453398.7424531193
2025-06-07,65519.12443045314,76642.42437212718,2442275.4425114454
2025-06-08,63000.333463172174,47147.80041768265,2458127.9755569347
2025-06-09,53841.00907916708,50492.699257851506,2461476.2853782503
2025-06-10,65421.56644381502,58044.72709414962,2468853.1247279155
2025-06-11,56980.19132291286,56528.932429324304,2469304.383621504
2025-06-12,61493.94769082002,71020.4266133633,2459777.904698961
2025-06-13,84805.50579768476,65373.59956084457,2479209.8109358014
2025-06-14,63822.31958021788,82846.78171625687,2460185.3487997623
2025-06-15,63809.8960709053,51607.66419461144,2472387.580676056
2025-06-16,53475.06142313579,58708.388286503134,2467154.2538126884
2025-06-17,57643.53976658084,51797.37050915812,2473000.4230701113
2025-06-18,46184.113659248345,56823.852592558294,2462360.6841368014
2025-06-19,63937.18721337833,59157.68953479522,2467140.1818153844
2025-06-20,65447.526052890054,63201.32525421542,2469386.382614059
2025-06-21,75975.83797339005,79767.22017530659,2465595.0004121424
2025-06-22,39426.84528155063,54329.95089158661,2450691.8948021065
2025-06-23,50985.14926456251,56933.55276744594,2444743.491299223
2025-06-24,44272.44488994771,62280.85640115162,2426735.0797880194
2025-06-25,50098.11464704564,64725.60990662605,2412107.584528439
2025-06-26,60557.53944455355,56404.246996463444,2416260.876976529
2025-06-27,67811.4518899144,69624.14563664814,2414448.183229795
2025-06-28,63718.78013673253,68419.33838841556,2409747.624978112
2025-06-29,51148.58149754326,49595.99215469663,2411300.2143209586
2025-06-30,56956.16102356387,49173.81131169818,2419082.5640328242
2025-07-01,64305.7081714431,61223.901550925824,2422164.3706533415
2025-07-02,59719.6536813081,56947.33258852559,2424936.691746124
2025-07-03,63116.57896783273,56491.72620473908,2431561.5445092176
2025-07-04,71946.00535006865,74801.02765202858,2428706.522207258
2025-07-05,69618.32119098038,58224.782736277346,2440100.060661961
2025-07-06,53552.08443088651,40345.362916893704,2453306.7821759535
2025-07-07,70331.70704744305,56561.857022474,2467076.6322009224
2025-07-08,52728.12902815837,52693.98233807784,2467110.7788910028
2025-07-09,52400.57976185325,56644.47985855985,2462866.878794296
2025-07-10,52766.0239849701,50821.46247455779,2464811.4403047087
2025-07-11,60133.58984452793,66392.49961638535,2458552.5305328513
2025-07-12,55564.25479717415,88249.92705703413,2425866.858272991
2025-07-13,46015.0628447461,53215.84327377813,2418666.077843959
2025-07-14,54107.993911173224,52518.616300022244,2420255.45545511
2025-07-15,74156.86175660408,49220.251011502165,2445192.0662002116
2025-07-16,54172.98427786644,52253.261653946596,2447111.7888241317
2025-07-17,52175.996251032666,46167.481808166434,2453120.303266998
2025-07-18,75081.8970301494,67213.00140813827,2460989.198889009
2025-07-19,69800.95384185131,77672.1750970601,2453117.9776338004
2025-07-20,49721.39591703838,41591.36728044624,2461248.0062703923
2025-07-21,49949.50355022776,48195.5658701494,2463001.9439504705
2025-07-22,55790.64438806494,45739.17333940016,2473053.4149991353
2025-07-23,54509.270976289845,49110.7629507954,2478451.9230246297
2025-07-24,47580.3445949276,57096.77574050117,2468935.491879056
2025-07-25,66158.32078961079,52785.68372926725,2482308.1289394
2025-07-26,65232.60057227632,75111.36180231189,2472429.3677093643
2025-07-27,45023.10613218525,51829.299535471626,2465623.174306078
2025-07-28,54687.88465214176,49446.09111532687,2470864.9678428927
2025-07-29,43409.15422696317,39453.171751051574,2474820.9503188045
2025-07-30,61903.05528738852,48033.527651076794,2488690.4779551164
2025-07-31,65060.95766472767,63058.63545841478,2490692.800161429
2025-08-01,86431.50056249058,48557.956612184294,2528566.3441117355
2025-08-02,65329.26706984128,67758.98210105453,2526136.6290805223
2025-08-03,37159.95556867606,42578.454524267574,2520718.1301249308
2025-08-04,46032.99758851028,54799.9543652813,2511951.1733481595
2025-08-05,49364.63693880568,47071.63962262084,2514244.1706643444
2025-08-06,45869.16140789027,55115.512845433856,2504997.819226801
2025-08-07,60370.862181133925,58635.88128910955,2506732.8001188254
2025-08-08,82965.40759859457,76387.68221340269,2513310.5255040172
2025-08-09,53722.07568924027,68037.47441251729,2498995.1267807405
2025-08-10,44394.527061452674,49034.462325780834,2494355.1915164124
2025-08-11,53815.65177569645,42959.51911953392,2505211.324172575
2025-08-12,61375.86010087273,56001.0738105311,2510586.1104629165
2025-08-13,44565.816598006524,48614.19355308418,2506537.733507839
2025-08-14,56479.52702144141,51991.278486693285,2511025.9820425874
2025-08-15,108487.94067604287,62955.276444675306,2556558.646273955
2025-08-16,50202.07166678209,59370.83179684957,2547389.8861438874
2025-08-17,41643.94722965131,48416.45224430894,2540617.38112923
2025-08-18,49194.25852725849,55073.44971858646,2534738.189937902
2025-08-19,47018.52076137322,51347.79546721736,2530408.915232058
2025-08-20,56290.6149935902,44727.085781674476,2541972.4444439737
2025-08-21,55834.643598635426,54386.57173953467,2543420.5163030745
2025-08-22,51646.69468239714,68070.1958088025,2526997.015176669
2025-08-23,64431.65690264691,56775.12976947643,2534653.5423098397
2025-08-24,44840.74589765104,41848.54753352054,2537645.7406739704
2025-08-25,59688.16906423383,53657.92932485988,2543675.980413344
2025-08-26,45940.57859713581,50445.634948955,2539170.924061525
2025-08-27,46820.8849313767,53794.52894873547,2532197.2800441664
2025-08-28,57288.669912613455,65134.30174799346,2524351.6482087863
2025-08-29,69325.47827656895,65017.74582944013,2528659.380655915
2025-08-30,63271.76200699802,72141.26078108329,2519789.88188183
2025-08-31,38866.66967031397,60349.14901504152,2498307.4025371023
2025-09-01,73034.7195519173,47499.004799222945,2523843.1172897965
2025-09-02,43323.33172749534,44932.79913041402,2522233.6498868777
2025-09-03,51479.92897273936,53463.06825378895,2520250.5106058284
2025-09-04,44819.57598791393,56204.3067945529,2508865.7797991894
2025-09-05,66104.7181249658,58425.130659123766,2516545.3672650317
2025-09-06,53914.16628638076,60403.404737350196,2510056.128814062
2025-09-07,40411.40138605907,57315.58970341282,2493151.9404967083
2025-09-08,54742.977820443804,49524.80422862903,2498370.114088523
2025-09-09,50030.80107638774,44430.58618335416,2503970.328981557
2025-09-10,46073.004360024584,55118.50140241063,2494924.831939171
2025-09-11,62720.98374295189,52126.2928160942,2505519.522866029
2025-09-12,58908.424770030426,59060.18220461016,2505367.7654314493
2025-09-13,59106.56581864599,69650.2693533127,2494824.0618967824
2025-09-14,48266.03996351261,39373.957390999014,2503716.144469296
2025-09-15,62445.603776559736,49051.36244196909,2517110.3858038867
2025-09-16,51002.352553427394,57404.390511945865,2510708.347845368
2025-09-17,46141.87460663568,52385.60145002406,2504464.62100198
2025-09-18,49755.89631156534,50543.678658987956,2503676.8386545572
2025-09-19,72565.82297091291,57210.96232114327,2519031.699304327
2025-09-20,51566.90801638822,63007.27802885939,2507591.329291856
2025-09-21,34720.71358652327,43523.19693566442,2498788.8459427147
2025-09-22,60005.03085879525,45268.55772612822,2513525.319075382
2025-09-23,64973.27671711427,51483.40244696923,2527015.1933455267
2025-09-24,46524.71895114355,41778.62784566989,2531761.2844510004
2025-09-25,41146.90075605452,56908.398778176896,2515999.786428878
2025-09-26,58964.063929113276,57545.0265030316,2517418.8238549596
2025-09-27,56080.1391332811,67411.83736035155,2506087.1256278893
2025-09-28,45043.50650933466,39423.13708543774,2511707.4950517863
2025-09-29,43001.435269712165,53194.18802315418,2501514.742298344
2025-09-30,50983.67188443957,52506.966515149565,2499991.447667634
2025-10-01,69807.60628961258,53684.08404196208,2516114.969915285
2025-10-02,43142.33055924887,44231.91099814525,2515025.389476388
2025-10-03,66190.66180796646,64130.02373111856,2517086.027553236
2025-10-04,73853.85097623651,66970.22610684355,2523969.6524226293
2025-10-05,46799.98406602291,37484.370027982215,2533285.26646067
2025-10-06,46964.02380489271,46520.37443631321,2533728.9158292497
2025-10-07,46531.699189013634,48315.18850126471,2531945.4265169986
2025-10-08,52036.32154053731,51870.02524458659,2532111.722812949
2025-10-09,41752.7871128539,52494.61450122897,2521369.895424574
2025-10-10,61816.98115570538,60800.2862636486,2522386.590316631
2025-10-11,54867.97136618826,74402.85628392878,2502851.70539889
2025-10-12,57009.174019683516,49351.64373334109,2510509.2356852326
2025-10-13,47722.05937867784,34727.24990914283,2523504.0451547676
2025-10-14,57625.44223443376,44743.97983873253,2536385.5075504687
2025-10-15,56975.53897709139,47981.027982996,2545380.018544564
2025-10-16,54980.93343247288,43135.30678910652,2557225.64518793
2025-10-17,62806.7674856902,59709.84394942544,2560322.568724195
2025-10-18,51676.33454246832,73064.08101864667,2538934.8222480165
2025-10-19,46547.761643462014,39366.11369621904,2546116.4701952594
2025-10-20,56245.967063595795,47988.82367682461,2554373.6135820304
2025-10-21,45291.572539162364,42354.75805782231,2557310.4280633703
2025-10-22,39264.11760471123,45704.93239178091,2550869.6132763005
2025-10-23,51060.496786064265,59343.151236445316,2542586.9588259193
2025-10-24,54177.81221563807,55589.793503571775,2541174.9775379854
2025-10-25,54995.820000751504,66694.98008369365,2529475.817455043
2025-10-26,45090.84717283774,35883.67371128919,2538682.9909165916
2025-10-27,39609.10282010292,55016.19976998043,2523275.893966714
2025-10-28,38777.08722150162,48235.35358669539,2513817.62760152
2025-10-29,50965.81779019632,46742.74459365309,2518040.7007980635
2025-10-30,48066.31067100686,52851.20946310576,2513255.802005965
2025-10-31,44398.73374232297,49625.050125253976,2508029.4856230337
2025-11-01,85052.72001453418,69550.98092536279,2523531.224712205
2025-11-02,47088.604995195725,40956.37716279574,2529663.452544605
2025-11-03,44664.49027894772,43905.73196760977,2530422.2108559427
2025-11-04,40246.58648616906,42585.58258050327,2528083.2147616083
2025-11-05,53259.17507101387,44368.02990031981,2536974.3599323025
2025-11-06,53464.90407713833,52974.40133116574,2537464.862678275
2025-11-07,80553.17484592811,58265.50531744509,2559752.532206758
2025-11-08,60440.663813719046,66408.79402199147,2553784.4019984854
2025-11-09,47863.52864705868,42505.485281574285,2559142.44536397
2025-11-10,47823.798453430776,47500.748363885104,2559465.4954535156
2025-11-11,52143.3443158315,43285.65181810076,2568323.1879512463
2025-11-12,52093.95845431269,59582.185723345676,2560834.9606822133
2025-11-13,59781.85695198821,42920.63280338927,2577696.1848308123
2025-11-14,57057.74104318427,65665.90653101265,2569088.019342984
2025-11-15,73916.56227693528,72330.40939449967,2570674.17222542
2025-11-16,43310.809901792774,39694.21496993968,2574290.767157273
2025-11-17,53878.877840350084,57247.75389525696,2570921.891102366
2025-11-18,56843.230605442186,50686.4438526763,2577078.677855132
2025-11-19,45957.0184907295,53495.715366286764,2569539.980979575
2025-11-20,49129.988799758044,51209.5567017565,2567460.4130775766
2025-11-21,63400.779125293026,57408.53105148423,2573452.6611513854
2025-11-22,56315.501470850926,62617.67345637186,2567150.4891658644
2025-11-23,51714.338132623336,45303.407798241176,2573561.4195002466
2025-11-24,37616.22142008215,53105.993873441264,2558071.6470468873
2025-11-25,43263.291714443665,46824.90725922932,2554510.0315021016
2025-11-26,44482.823412856254,44119.808194044155,2554873.0467209136
2025-11-27,39386.85820328131,54990.73822782714,2539269.166696368
2025-11-28,54750.558612880435,63442.13283723931,2530577.592472009
2025-11-29,52325.43336321963,66953.03156234787,2515949.9942728807
2025-11-30,45349.39251507139,45838.41325369845,2515460.973534254
2025-12-01,76596.26196903388,43677.68465914336,2548379.5508441445
2025-12-02,46737.04490179523,41098.53255576169,2554018.063190178
2025-12-03,43507.11543728792,43634.07807090868,2553891.100556557
2025-12-04,52084.157678861106,42431.081714294814,2563544.1765211234
2025-12-05,70269.25429465256,58777.360344441906,2575036.0704713343
2025-12-06,52372.51383193572,62154.84554957685,2565253.738753693
2025-12-07,41998.74655833439,40852.67874360388,2566399.8065684238
2025-12-08,53542.41476882151,33568.35667422911,2586373.864663016
2025-12-09,47280.543569499234,39814.34337210848,2593840.064860407
2025-12-10,53690.424740803974,53168.11399458015,2594362.3756066305
2025-12-11,52833.46644372185,46799.753732789955,2600396.0883175624
2025-12-12,68026.00240392309,59620.43320987162,2608801.657511614
2025-12-13,52494.65205729419,54635.90510068444,2606660.4044682235
2025-12-14,47230.79627296694,49392.15556690948,2604499.045174281
2025-12-15,66554.31454906332,44627.60226884678,2626425.7574544977
2025-12-16,42380.24295248384,46809.36171540799,2621996.6386915734
2025-12-17,41594.98772798604,60502.54733085927,2603089.0790887
2025-12-18,58048.80729479932,58552.574298220185,2602585.3120852793
2025-12-19,60578.256176738585,56136.955383087974,2607026.61287893
2025-12-20,53130.53260026581,59427.9344278596,2600729.211051336
2025-12-21,47257.011628269196,41551.12896731633,2606435.093712289
2025-12-22,58518.51371566458,47785.523819023394,2617168.08360893
2025-12-23,37706.01814393923,45003.38284529403,2609870.718907575
2025-12-24,42395.86106005907,45973.98881259141,2606292.591155043
2025-12-25,48396.432265109,58045.7694978898,2596643.253922262
2025-12-26,76149.17952157643,56797.644286275456,2615994.7891575634
2025-12-27,62850.518908769605,78984.15857716196,2599861.149489171
2025-12-28,53024.87814389281,43260.30858230936,2609625.7190507543
2025-12-29,45097.0088540574,54388.35635513799,2600334.371549674
2025-12-30,43856.73770565722,47118.6387251769,2597072.470530154
